<assembly xmlns="http://maven.apache.org/plugins/maven-assembly-plugin/assembly/1.1.0" 
  xmlns:xsi="http://www.w3.org/2001/XMLSchema-instance"
  xsi:schemaLocation="http://maven.apache.org/plugins/maven-assembly-plugin/assembly/1.1.0 http://maven.apache.org/xsd/assembly-1.1.0.xsd">
  <id>src</id>
  <formats>
    <format>tar.gz</format>
  </formats>
  <includeBaseDirectory>true</includeBaseDirectory>
  <fileSets>
  	<fileSet>
  		<directory>src</directory>
  		<outputDirectory>src</outputDirectory>
  		<filtered>true</filtered>
  	</fileSet>
  	<fileSet>
  		<outputDirectory>/</outputDirectory>
  		<includes>
  			<include>README</include>
  			<include>LICENSE</include>
  		</includes>
  		<filtered>true</filtered>
  	</fileSet>
  	<fileSet>
  		<outputDirectory>/</outputDirectory>
  		<includes>
  			<include>pom.xml</include>
  		</includes>
  		<filtered>false</filtered>
  	</fileSet>
  	
  </fileSets>
  
</assembly>