<assembly xmlns="http://maven.apache.org/plugins/maven-assembly-plugin/assembly/1.1.0" 
  xmlns:xsi="http://www.w3.org/2001/XMLSchema-instance"
  xsi:schemaLocation="http://maven.apache.org/plugins/maven-assembly-plugin/assembly/1.1.0 http://maven.apache.org/xsd/assembly-1.1.0.xsd">
  <id>bin-linux</id>
  <formats>
    <format>tar.gz</format>
  </formats>
  <includeBaseDirectory>true</includeBaseDirectory>
  <dependencySets>
    <dependencySet>
      <outputDirectory>lib</outputDirectory>
      <useProjectArtifact>false</useProjectArtifact>
      <unpack>false</unpack>
      <scope>runtime</scope>
    </dependencySet>
  </dependencySets>
  
  <fileSets>
  	<fileSet>
  		<directory>lib</directory>
  		<outputDirectory>lib</outputDirectory>
  		<includes><include>*.jar</include></includes>
  		<fileMode>644</fileMode>
  	</fileSet>
  	<fileSet>
  		<outputDirectory>/</outputDirectory>
  		<includes>
  			<include>README</include>
  			<include>LICENSE</include>
  		</includes>
  		<fileMode>644</fileMode>
  		<filtered>true</filtered>
  	</fileSet>
  	<fileSet>
  		<directory>src/main/assembly</directory>
  		<outputDirectory>/</outputDirectory>
  		<filtered>true</filtered>
  		<includes>
  			<include>mcf2pdf</include>
  		</includes>
  		<fileMode>750</fileMode>
  	</fileSet>
  	<fileSet>
  		<directory>${project.build.directory}</directory>
  		<outputDirectory>/</outputDirectory>
  		<fileMode>644</fileMode>
  		<includes>
  			<include>${project.name}-${project.version}.jar</include>
  		</includes>
  	</fileSet>
  </fileSets>
  
</assembly>